Instrument_Program,Is_Drum,Start_Time,End_Time,Pitch,Velocity
0,False,0.0,1.5254,63,70
0,False,0.0053,1.5254,67,70
0,False,0.0106,1.5254,70,66
0,False,1.5254,3.0403,63,70
0,False,1.5307,3.0456,67,70
0,False,1.536,3.0508,70,66
0,False,3.0508,4.5763,63,66
0,False,3.0561,4.5763,67,73
0,False,3.0614,4.5763,70,66
0,False,4.5869,5.5932,70,66
0,False,4.5763,6.0911,63,66
0,False,4.5816,6.0964,67,73
0,False,5.5932,6.1017,70,64
0,False,6.1017,7.6271,63,69
0,False,6.107,7.6271,67,65
0,False,6.1123,7.6271,72,65
0,False,7.6271,9.142,63,69
0,False,7.6324,9.1473,67,65
0,False,7.6377,9.1526,72,65
0,False,9.1526,10.678,63,66
0,False,9.1578,10.678,67,69
0,False,9.1631,10.678,72,64
0,False,10.678,12.1928,63,66
0,False,10.6833,12.1981,67,69
0,False,10.6886,12.2034,72,64
0,False,12.2034,13.7182,70,70
0,False,12.2034,13.7288,65,65
0,False,12.2087,13.7288,68,63
0,False,12.214,13.7288,72,70
0,False,13.7288,15.2437,65,65
0,False,13.7288,15.2437,70,70
0,False,13.7341,15.249,68,63
0,False,13.7394,15.2542,72,70
0,False,15.2542,16.7691,65,71
0,False,15.2542,16.7691,70,70
0,False,15.2595,16.7744,67,68
0,False,15.2648,16.7797,72,67
0,False,16.7797,18.2945,65,66
0,False,16.7797,18.2945,70,65
0,False,16.785,18.2998,68,66
0,False,16.7903,18.3051,72,65
0,False,18.3051,19.8305,67,68
0,False,18.3104,19.8305,70,73
0,False,18.3157,19.8305,74,71
0,False,19.8305,21.3454,67,68
0,False,19.8358,21.3507,70,73
0,False,19.8411,21.3559,74,71
0,False,21.3559,22.8814,67,73
0,False,21.3612,22.8814,71,66
0,False,21.3665,22.8814,74,73
0,False,22.8814,24.3962,67,73
0,False,22.8867,24.4015,71,66
0,False,22.892,24.4068,74,73
0,False,24.4068,25.9322,63,70
0,False,24.4121,25.9322,67,70
0,False,24.4174,25.9322,70,66
0,False,25.9322,27.4471,63,70
0,False,25.9375,27.4524,67,70
0,False,25.9428,27.4576,70,66
0,False,27.4576,28.9831,63,66
0,False,27.4629,28.9831,67,73
0,False,27.4682,28.9831,70,66
0,False,28.9937,30.0,70,66
0,False,28.9831,30.4979,63,66
0,False,28.9884,30.5032,67,73
0,False,30.0,30.5085,70,64
0,False,30.5085,32.0339,63,69
0,False,30.5138,32.0339,67,65
0,False,30.5191,32.0339,72,65
0,False,32.0339,33.5488,63,69
0,False,32.0392,33.5541,67,65
0,False,32.0445,33.5593,72,65
0,False,33.5593,35.0848,63,66
0,False,33.5646,35.0848,67,69
0,False,33.5699,35.0848,72,64
0,False,35.0848,36.5996,63,66
0,False,35.0901,36.6049,67,69
0,False,35.0954,36.6102,72,64
0,False,36.6102,38.125,70,70
0,False,36.6102,38.1356,65,65
0,False,36.6155,38.1356,68,63
0,False,36.6208,38.1356,72,70
0,False,38.1356,39.6505,65,65
0,False,38.1356,39.6505,70,70
0,False,38.1409,39.6558,68,63
0,False,38.1462,39.661,72,70
0,False,39.661,41.1759,65,71
0,False,39.661,41.1759,70,70
0,False,39.6663,41.1812,67,68
0,False,39.6716,41.1865,72,67
0,False,41.1865,42.7013,65,66
0,False,41.1865,42.7013,70,65
0,False,41.1918,42.7066,68,66
0,False,41.1971,42.7119,72,65
0,False,42.7119,44.2373,67,68
0,False,42.7172,44.2373,70,73
0,False,42.7225,44.2373,74,71
0,False,44.2373,45.7522,67,68
0,False,44.2426,45.7575,70,73
0,False,44.2479,45.7627,74,71
0,False,45.7627,47.2882,67,73
0,False,45.768,47.2882,71,66
0,False,45.7733,47.2882,74,73
0,False,47.2882,47.7861,67,76
0,False,47.2882,47.7861,77,73
0,False,47.2935,47.7914,71,69
0,False,47.2988,47.7966,74,76
0,False,47.7966,48.2945,67,80
0,False,47.7966,48.2945,77,77
0,False,47.8019,48.2998,71,72
0,False,47.8072,48.3051,74,80
0,False,48.3051,48.803,67,81
0,False,48.3051,48.803,77,77
0,False,48.3104,48.8083,71,73
0,False,48.3157,48.8136,74,81
0,False,48.8136,50.339,68,96
0,False,48.8189,50.339,72,95
0,False,48.8242,50.339,75,90
0,False,50.3443,51.356,72,88
0,False,48.8136,51.8539,44,96
0,False,51.356,51.8539,72,86
0,False,48.8189,51.8592,51,96
0,False,48.8242,51.8644,56,96
0,False,50.339,51.8644,68,90
0,False,50.3496,51.8644,75,94
0,False,51.8644,53.3899,68,91
0,False,51.8697,53.3899,72,94
0,False,51.875,53.3899,77,88
0,False,51.8644,54.4068,44,96
0,False,53.3952,54.4068,72,97
0,False,54.4068,54.9047,44,96
0,False,51.8697,54.91,51,96
0,False,51.875,54.9153,56,96
0,False,53.3899,54.9153,68,96
0,False,53.4005,54.9153,75,93
0,False,54.4068,54.9153,72,91
0,False,54.9153,56.4407,63,91
0,False,54.9206,56.4407,67,89
0,False,54.9259,56.4407,70,93
0,False,56.446,57.4577,67,91
0,False,54.9153,57.9556,39,96
0,False,57.4577,57.9556,67,88
0,False,54.9206,57.9609,46,96
0,False,54.9259,57.9661,51,96
0,False,56.4407,57.9661,63,99
0,False,56.4513,57.9661,70,99
0,False,57.9661,59.4916,77,97
0,False,57.9714,59.4916,67,87
0,False,57.9767,59.4916,70,90
0,False,57.9661,60.5085,39,96
0,False,59.5022,60.5085,70,98
0,False,60.5085,61.0064,39,96
0,False,57.9714,61.0117,46,96
0,False,57.9767,61.017,51,96
0,False,59.4916,61.017,75,96
0,False,59.4969,61.017,67,93
0,False,60.5085,61.017,70,91
0,False,61.017,62.5318,65,100
0,False,61.0223,62.5424,68,87
0,False,61.0276,62.5424,72,97
0,False,62.553,63.3051,72,86
0,False,61.017,64.0573,41,96
0,False,62.5424,64.0573,65,88
0,False,63.3051,64.0573,72,88
0,False,61.0223,64.0626,48,96
0,False,61.0276,64.0678,53,96
0,False,62.5477,64.0678,68,93
0,False,64.0784,64.8306,77,94
0,False,64.0678,65.5827,68,89
0,False,64.8306,65.5827,74,94
0,False,64.0731,65.588,72,86
0,False,65.5933,66.0912,75,94
0,False,66.1018,66.5996,74,94
0,False,64.0678,66.6102,41,96
0,False,65.5933,67.1081,68,87
0,False,66.6102,67.1081,41,96
0,False,66.6102,67.1081,77,94
0,False,64.0731,67.1134,48,96
0,False,65.5986,67.1134,72,88
0,False,64.0784,67.1187,53,96
0,False,67.1187,67.8814,70,96
0,False,67.8814,68.6335,70,86
0,False,67.124,68.6441,74,99
0,False,67.1293,68.6441,79,88
0,False,68.6441,69.1526,70,85
0,False,67.1187,69.6611,43,96
0,False,68.6547,69.9153,79,88
0,False,69.1526,70.159,70,86
0,False,69.6611,70.159,46,96
0,False,67.124,70.1643,50,96
0,False,67.1293,70.1695,55,96
0,False,68.6494,70.1695,74,87
0,False,69.9153,70.1695,80,88
0,False,70.1695,70.9323,71,92
0,False,70.9323,71.6844,71,86
0,False,70.1748,71.695,74,85
0,False,70.1801,71.695,79,89
0,False,71.7003,72.2034,74,86
0,False,71.7056,72.2034,77,88
0,False,72.2034,72.7066,75,86
0,False,71.695,72.7119,71,98
0,False,70.1695,73.2098,47,96
0,False,72.7119,73.2098,71,84
0,False,70.1748,73.2151,50,96
0,False,72.7119,73.2151,74,86
0,False,70.1801,73.2204,55,96
0,False,73.2204,74.7458,68,96
0,False,73.2257,74.7458,72,95
0,False,73.231,74.7458,75,90
0,False,74.7511,75.7628,72,88
0,False,73.2204,76.2607,44,96
0,False,75.7628,76.2607,72,86
0,False,73.2257,76.266,51,96
0,False,73.231,76.2712,56,96
0,False,74.7458,76.2712,68,90
0,False,74.7564,76.2712,75,94
0,False,76.2712,77.7967,68,91
0,False,76.2765,77.7967,72,94
0,False,76.2818,77.7967,77,88
0,False,76.2712,78.8136,44,96
0,False,77.802,78.8136,72,97
0,False,78.8136,79.3115,44,96
0,False,76.2765,79.3168,51,96
0,False,76.2818,79.3221,56,96
0,False,77.7967,79.3221,68,96
0,False,77.8073,79.3221,75,93
0,False,78.8136,79.3221,72,91
0,False,79.3221,80.8475,63,91
0,False,79.3274,80.8475,67,89
0,False,79.3327,80.8475,70,93
0,False,80.8528,81.8645,67,91
0,False,79.3221,82.3624,39,96
0,False,81.8645,82.3624,67,88
0,False,79.3274,82.3677,46,96
0,False,79.3327,82.3729,51,96
0,False,80.8475,82.3729,63,99
0,False,80.8581,82.3729,70,99
0,False,82.3729,83.8984,77,97
0,False,82.3782,83.8984,67,87
0,False,82.3835,83.8984,70,90
0,False,82.3729,84.9153,39,96
0,False,83.909,84.9153,70,98
0,False,84.9153,85.4132,39,96
0,False,82.3782,85.4185,46,96
0,False,82.3835,85.4238,51,96
0,False,83.8984,85.4238,75,96
0,False,83.9037,85.4238,67,93
0,False,84.9153,85.4238,70,91
0,False,85.4238,86.9386,65,100
0,False,85.4291,86.9492,68,87
0,False,85.4344,86.9492,72,97
0,False,86.9598,87.7119,72,86
0,False,85.4238,88.4641,41,96
0,False,86.9492,88.4641,65,88
0,False,87.7119,88.4641,72,88
0,False,85.4291,88.4694,48,96
0,False,85.4344,88.4746,53,96
0,False,86.9545,88.4746,68,93
0,False,88.4852,88.9831,77,94
0,False,88.9831,89.481,75,94
0,False,88.4746,89.9895,68,89
0,False,89.4916,89.9895,74,94
0,False,88.4799,89.9948,72,86
0,False,90.0001,90.498,75,94
0,False,90.5085,91.0064,74,94
0,False,88.4746,91.017,41,96
0,False,90.0001,91.5149,68,87
0,False,91.017,91.5149,77,94
0,False,91.017,91.5149,41,96
0,False,88.4799,91.5202,48,96
0,False,90.0054,91.5202,72,88
0,False,88.4852,91.5255,53,96
0,False,91.5255,92.2882,70,96
0,False,92.2882,93.0403,70,86
0,False,91.5308,93.0509,74,99
0,False,91.5361,93.0509,79,88
0,False,93.0509,93.5594,70,85
0,False,91.5255,94.0679,43,96
0,False,93.0615,94.3221,79,88
0,False,93.5594,94.5658,70,86
0,False,94.0679,94.5658,46,96
0,False,91.5308,94.5711,50,96
0,False,91.5361,94.5763,55,96
0,False,93.0562,94.5763,74,87
0,False,94.3221,94.5763,80,88
0,False,94.5763,95.3391,71,92
0,False,95.3391,96.0912,71,86
0,False,94.5816,96.1018,74,85
0,False,94.5869,96.1018,79,89
0,False,96.1071,96.6102,74,86
0,False,96.1018,97.1187,71,98
0,False,94.5763,97.6166,47,96
0,False,97.1187,97.6166,71,84
0,False,94.5816,97.6219,50,96
0,False,96.6102,97.6219,74,86
0,False,94.5869,97.6272,55,96
0,False,96.1124,97.6272,79,88
0,False,97.6272,98.3899,63,70
0,False,97.6325,99.1526,67,70
0,False,97.6378,99.1526,70,66
0,False,98.3899,99.1526,63,70
0,False,99.1526,99.9047,63,70
0,False,99.9153,100.6675,63,70
0,False,99.1579,100.6728,67,70
0,False,99.1632,100.678,70,66
0,False,100.678,101.4408,63,66
0,False,101.4408,102.1929,63,70
0,False,100.6833,102.2035,67,73
0,False,100.6886,102.2035,70,66
0,False,102.2035,102.7119,63,66
0,False,102.2088,103.2151,67,73
0,False,102.2141,103.2204,70,66
0,False,102.7119,103.7183,63,70
0,False,103.2204,103.7183,68,70
0,False,103.2204,103.7289,70,64
0,False,103.7289,104.4916,63,69
0,False,103.7342,105.2543,67,65
0,False,103.7395,105.2543,72,65
0,False,104.4916,105.2543,60,69
0,False,105.2543,106.0064,63,69
0,False,105.2596,106.7745,67,65
0,False,105.2649,106.7798,72,65
0,False,106.017,106.7798,60,69
0,False,106.7798,107.5425,63,66
0,False,106.785,108.3052,67,69
0,False,106.7903,108.3052,72,64
0,False,107.5425,108.3052,60,69
0,False,108.3105,108.8084,67,69
0,False,108.3052,109.82,63,66
0,False,109.3221,109.82,70,70
0,False,108.3158,109.8306,72,64
0,False,108.8136,109.8306,67,69
0,False,109.8359,110.3391,68,63
0,False,109.8306,111.3454,70,70
0,False,110.3391,111.3507,68,63
0,False,109.8306,111.356,65,65
0,False,109.8412,111.356,72,70
0,False,111.3613,112.1134,68,63
0,False,111.356,112.8709,65,65
0,False,111.356,112.8709,70,70
0,False,112.1187,112.8709,68,63
0,False,111.3666,112.8814,72,70
0,False,112.8867,113.6389,67,68
0,False,112.8814,114.3963,65,71
0,False,112.8814,114.3963,70,70
0,False,113.6442,114.3963,68,63
0,False,112.892,114.4069,72,67
0,False,114.9154,115.4132,68,63
0,False,114.4069,115.9217,65,66
0,False,114.4069,115.9217,70,65
0,False,115.4238,115.9217,68,63
0,False,114.4175,115.9323,72,65
0,False,115.9376,116.695,70,73
0,False,116.695,117.4524,70,73
0,False,115.9323,117.4577,67,68
0,False,115.9429,117.4577,74,71
0,False,117.4577,117.9556,67,68
0,False,117.463,118.4694,70,73
0,False,117.9662,118.9779,67,73
0,False,118.4747,118.9779,70,73
0,False,117.4683,118.9832,74,71
0,False,118.9884,119.7459,71,66
0,False,119.7459,120.5033,71,73
0,False,118.9832,120.5086,67,73
0,False,118.9937,120.5086,74,73
0,False,120.5086,121.0065,67,73
0,False,120.5139,121.0118,71,66
0,False,120.5192,121.017,74,73
0,False,121.017,121.5149,71,66
0,False,121.017,121.5149,74,73
0,False,121.017,121.5149,67,73
0,False,121.5255,122.0234,71,63
0,False,121.5255,122.0234,74,73
0,False,121.5255,122.0234,67,73
0,False,122.034,122.5425,63,70
0,False,122.0393,123.5594,67,70
0,False,122.0446,123.5594,70,66
0,False,122.5425,123.5594,62,70
0,False,123.0509,123.5594,63,70
0,False,123.5594,124.0573,63,70
0,False,124.0679,125.0743,62,70
0,False,123.5647,125.0796,67,70
0,False,123.57,125.0848,70,66
0,False,124.5764,125.0848,63,70
0,False,125.0848,125.5933,63,66
0,False,125.5933,126.5997,62,70
0,False,125.0901,126.6103,67,73
0,False,125.0954,126.6103,70,66
0,False,126.1018,126.6103,63,66
0,False,126.6103,127.1188,63,66
0,False,126.6156,127.6219,67,73
0,False,126.6209,127.6272,70,66
0,False,127.1188,128.1251,63,70
0,False,127.6272,128.1251,68,70
0,False,127.6272,128.1357,70,64
0,False,128.1357,128.6442,63,69
0,False,128.6442,129.1526,60,69
0,False,128.141,129.6611,67,65
0,False,128.1463,129.6611,72,65
0,False,129.1526,129.6611,63,69
0,False,129.6611,130.159,63,69
0,False,129.6664,130.6728,67,65
0,False,129.6717,131.1865,72,65
0,False,130.1696,131.1865,63,69
0,False,130.6781,131.1865,67,69
0,False,131.1865,131.695,63,66
0,False,131.1918,132.2035,67,69
0,False,131.1865,132.7014,72,65
0,False,131.1971,132.712,74,64
0,False,131.695,132.712,63,69
0,False,132.2035,132.712,67,69
0,False,132.7173,133.2152,67,69
0,False,132.712,134.2268,72,66
0,False,133.7289,134.2268,70,70
0,False,132.7226,134.2374,75,64
0,False,133.2204,134.2374,67,69
0,False,134.2374,134.7459,65,65
0,False,134.2374,135.2438,68,70
0,False,134.2374,135.7522,75,64
0,False,135.2543,135.7522,68,70
0,False,134.7459,135.7575,65,63
0,False,134.248,135.7628,72,70
0,False,135.7628,136.2607,65,65
0,False,135.7681,136.7745,68,63
0,False,135.7628,137.2777,70,70
0,False,135.7628,137.2777,75,64
0,False,136.7798,137.2777,68,70
0,False,136.2713,137.283,65,63
0,False,135.7734,137.2882,72,70
0,False,137.2882,137.7861,65,71
0,False,137.2935,138.2999,67,68
0,False,137.2882,138.8031,70,70
0,False,137.2882,138.8031,75,64
0,False,137.7967,138.8031,65,63
0,False,138.3052,138.8031,67,63
0,False,137.2988,138.8137,72,67
0,False,138.8137,139.3116,70,65
0,False,138.8137,139.82,75,64
0,False,138.8137,140.3285,65,66
0,False,138.8137,140.3285,68,63
0,False,139.3222,140.3285,70,63
0,False,139.8306,140.3285,75,63
0,False,138.8243,140.3391,72,65
0,False,140.3391,140.8476,67,68
0,False,140.3444,141.356,70,73
0,False,140.8476,141.8592,67,73
0,False,141.356,141.8592,70,73
0,False,140.3497,141.8645,74,71
0,False,141.8645,142.3624,67,68
0,False,141.8698,142.8762,70,73
0,False,142.373,143.3847,67,73
0,False,142.8815,143.3847,70,73
0,False,141.8751,143.39,74,71
0,False,143.39,143.8984,67,75
0,False,143.3952,143.8984,71,67
0,False,143.4005,143.8984,74,75
0,False,143.8984,144.4069,67,78
0,False,143.9037,144.4069,71,71
0,False,143.909,144.4069,74,78
0,False,144.4069,144.9154,67,83
0,False,144.4122,144.9154,71,75
0,False,144.4175,144.9154,75,83
0,False,144.9154,145.4133,67,89
0,False,144.9154,145.4133,77,85
0,False,144.9207,145.4186,71,80
0,False,144.926,145.4238,74,89
0,False,145.4238,145.9217,67,95
0,False,145.4238,145.9217,77,92
0,False,145.4291,145.927,71,87
0,False,145.4344,145.9323,74,95
0,False,145.9323,146.4302,67,95
0,False,145.9323,146.4302,77,92
0,False,145.9376,146.4355,71,87
0,False,145.9429,146.4408,74,95
0,False,146.4408,147.9662,68,96
0,False,146.4461,147.9662,72,95
0,False,146.4514,147.9662,75,90
0,False,147.9715,148.9832,72,88
0,False,146.4408,149.4811,44,96
0,False,148.9832,149.4811,72,86
0,False,146.4461,149.4864,51,96
0,False,146.4514,149.4916,56,96
0,False,147.9662,149.4916,68,90
0,False,147.9768,149.4916,75,94
0,False,149.4916,151.0171,68,91
0,False,149.4969,151.0171,72,94
0,False,149.5022,151.0171,77,88
0,False,149.4916,152.034,44,96
0,False,151.0224,152.034,72,97
0,False,152.034,152.5319,44,96
0,False,149.4969,152.5372,51,96
0,False,149.5022,152.5425,56,96
0,False,151.0171,152.5425,68,96
0,False,151.0277,152.5425,75,93
0,False,152.034,152.5425,72,91
0,False,152.5425,154.0679,63,91
0,False,152.5478,154.0679,67,89
0,False,152.5531,154.0679,70,93
0,False,154.0732,155.0849,67,91
0,False,152.5425,155.5828,39,96
0,False,155.0849,155.5828,67,88
0,False,152.5478,155.5881,46,96
0,False,152.5531,155.5933,51,96
0,False,154.0679,155.5933,63,99
0,False,154.0785,155.5933,70,99
0,False,155.5933,157.1188,77,97
0,False,155.5986,157.1188,67,87
0,False,155.6039,157.1188,70,90
0,False,155.5933,158.1357,39,96
0,False,157.1294,158.1357,70,98
0,False,158.1357,158.6336,39,96
0,False,155.5986,158.6389,46,96
0,False,155.6039,158.6442,51,96
0,False,157.1188,158.6442,75,96
0,False,157.1241,158.6442,67,93
0,False,158.1357,158.6442,70,91
0,False,158.6442,160.159,65,100
0,False,158.6495,160.1696,68,87
0,False,158.6548,160.1696,72,97
0,False,160.1802,160.9323,72,86
0,False,158.6442,161.6845,41,96
0,False,160.1696,161.6845,65,88
0,False,160.9323,161.6845,72,88
0,False,158.6495,161.6898,48,96
0,False,158.6548,161.695,53,96
0,False,160.1749,161.695,68,93
0,False,161.7056,162.4578,77,94
0,False,161.695,163.2099,68,89
0,False,162.4578,163.2099,74,94
0,False,161.7003,163.2152,72,86
0,False,163.2205,163.7184,75,94
0,False,163.729,164.2268,74,94
0,False,161.695,164.2374,41,96
0,False,163.2205,164.7353,68,87
0,False,164.2374,164.7353,41,96
0,False,164.2374,164.7353,77,94
0,False,161.7003,164.7406,48,96
0,False,163.2258,164.7406,72,88
0,False,161.7056,164.7459,53,96
0,False,164.7459,165.5086,70,96
0,False,165.5086,166.2607,70,86
0,False,164.7512,166.2713,74,99
0,False,164.7565,166.2713,79,88
0,False,166.2713,166.7798,70,85
0,False,164.7459,167.2883,43,96
0,False,166.2819,167.5425,79,88
0,False,166.7798,167.7862,70,86
0,False,167.2883,167.7862,46,96
0,False,164.7512,167.7915,50,96
0,False,164.7565,167.7967,55,96
0,False,166.2766,167.7967,74,87
0,False,167.5425,167.7967,80,88
0,False,167.7967,168.5595,71,92
0,False,168.5595,169.3116,71,86
0,False,167.802,169.3222,74,85
0,False,167.8073,169.3222,79,89
0,False,169.3275,169.8306,74,86
0,False,169.3328,169.8306,77,88
0,False,169.8306,170.3338,75,86
0,False,169.3222,170.3391,71,98
0,False,167.7967,170.837,47,96
0,False,170.3391,170.837,71,84
0,False,167.802,170.8423,50,96
0,False,170.3391,170.8423,74,86
0,False,167.8073,170.8476,55,96
0,False,170.8476,172.373,68,96
0,False,170.8529,172.373,72,95
0,False,170.8582,172.373,75,90
0,False,172.3783,173.39,72,88
0,False,170.8476,173.8879,44,96
0,False,173.39,173.8879,72,86
0,False,170.8529,173.8932,51,96
0,False,170.8582,173.8984,56,96
0,False,172.373,173.8984,68,90
0,False,172.3836,173.8984,75,94
0,False,173.8984,175.4239,68,91
0,False,173.9037,175.4239,72,94
0,False,173.909,175.4239,77,88
0,False,173.8984,176.4408,44,96
0,False,175.4292,176.4408,72,97
0,False,176.4408,176.9387,44,96
0,False,173.9037,176.944,51,96
0,False,173.909,176.9493,56,96
0,False,175.4239,176.9493,68,96
0,False,175.4345,176.9493,75,93
0,False,176.4408,176.9493,72,91
0,False,176.9493,178.4747,63,91
0,False,176.9546,178.4747,67,89
0,False,176.9599,178.4747,70,93
0,False,178.48,179.4917,67,91
0,False,176.9493,179.9896,39,96
0,False,179.4917,179.9896,67,88
0,False,176.9546,179.9949,46,96
0,False,176.9599,180.0002,51,96
0,False,178.4747,180.0002,63,99
0,False,178.4853,180.0002,70,99
0,False,180.0002,181.5256,77,97
0,False,180.0054,181.5256,67,87
0,False,180.0107,181.5256,70,90
0,False,180.0002,182.5425,39,96
0,False,181.5362,182.5425,70,98
0,False,182.5425,183.0404,39,96
0,False,180.0054,183.0457,46,96
0,False,180.0107,183.051,51,96
0,False,181.5256,183.051,75,96
0,False,181.5309,183.051,67,93
0,False,182.5425,183.051,70,91
0,False,183.051,184.5658,65,100
0,False,183.0563,184.5764,68,87
0,False,183.0616,184.5764,72,97
0,False,184.587,185.3391,72,86
0,False,183.051,186.0913,41,96
0,False,184.5764,186.0913,65,88
0,False,185.3391,186.0913,72,88
0,False,183.0563,186.0966,48,96
0,False,183.0616,186.1018,53,96
0,False,184.5817,186.1018,68,93
0,False,186.1124,186.6103,77,94
0,False,186.6103,187.1082,75,94
0,False,186.1018,187.6167,68,89
0,False,187.1188,187.6167,74,94
0,False,186.1071,187.622,72,86
0,False,187.6273,188.1252,75,94
0,False,188.1357,188.6336,74,94
0,False,186.1018,188.6442,41,96
0,False,187.6273,189.1421,68,87
0,False,188.6442,189.1421,77,94
0,False,188.6442,189.1421,41,96
0,False,186.1071,189.1474,48,96
0,False,187.6326,189.1474,72,88
0,False,186.1124,189.1527,53,96
0,False,189.1527,189.9154,70,96
0,False,189.9154,190.6675,70,86
0,False,189.158,190.6781,74,99
0,False,189.1633,190.6781,79,88
0,False,190.6781,191.1866,70,85
0,False,189.1527,191.6951,43,96
0,False,190.6887,191.9493,79,88
0,False,191.1866,192.193,70,86
0,False,191.6951,192.193,46,96
0,False,189.158,192.1983,50,96
0,False,189.1633,192.2035,55,96
0,False,190.6834,192.2035,74,87
0,False,191.9493,192.2035,80,88
0,False,192.2035,192.9663,71,92
0,False,192.9663,193.7184,71,86
0,False,192.2088,193.729,74,85
0,False,192.2141,193.729,79,89
0,False,193.7343,194.2374,74,86
0,False,193.729,194.7459,71,98
0,False,192.2035,195.2438,47,96
0,False,194.7459,195.2438,71,84
0,False,192.2088,195.2491,50,96
0,False,194.2374,195.2491,74,86
0,False,192.2141,195.2544,55,96
0,False,193.7396,195.2544,79,88
0,False,195.2544,195.7629,68,64
0,False,195.2597,196.2713,72,63
0,False,195.265,196.7798,75,123
0,False,195.7629,196.7798,68,64
0,False,196.2819,196.7798,72,57
0,False,196.7798,197.2883,68,60
0,False,196.7851,197.7968,72,59
0,False,195.2544,198.2947,44,64
0,False,197.2883,198.2947,68,57
0,False,197.7968,198.2947,72,57
0,False,195.2597,198.3,51,64
0,False,195.265,198.3052,56,64
0,False,196.7904,198.3052,74,121
0,False,198.3052,198.8137,68,61
0,False,198.3105,199.3222,72,63
0,False,199.3222,199.8201,72,57
0,False,198.819,199.8254,68,57
0,False,198.3158,199.8307,75,115
0,False,199.8307,200.3392,68,64
0,False,198.3052,200.8476,44,64
0,False,199.836,200.8476,72,64
0,False,200.8476,201.3455,72,57
0,False,200.8476,201.3455,44,64
0,False,198.3105,201.3508,51,64
0,False,198.3158,201.3561,56,64
0,False,199.8413,201.3561,74,115
0,False,200.3392,201.3561,68,64
0,False,201.3561,201.8646,63,61
0,False,201.3614,202.373,67,59
0,False,202.373,202.8709,67,57
0,False,201.3561,202.8815,75,126
0,False,201.3667,202.8815,70,62
0,False,201.8646,202.8815,63,61
0,False,202.8815,203.39,63,66
0,False,202.8868,203.8985,67,61
0,False,201.3561,204.3964,39,64
0,False,203.39,204.3964,63,59
0,False,201.3614,204.4017,46,64
0,False,203.9144,204.4017,67,59
0,False,201.3667,204.407,51,64
0,False,202.8815,204.407,74,115
0,False,202.8921,204.407,70,66
0,False,204.4122,204.9154,67,58
0,False,204.4175,205.4239,70,60
0,False,204.407,205.9324,75,113
0,False,205.4292,205.9324,70,58
0,False,204.926,205.9377,67,58
0,False,205.9377,206.4408,67,62
0,False,204.407,206.9493,39,64
0,False,205.9324,206.9493,77,121
0,False,206.9493,207.4472,79,114
0,False,206.9493,207.4472,39,64
0,False,204.4122,207.4525,46,64
0,False,206.4408,207.4525,67,58
0,False,204.4175,207.4578,51,64
0,False,205.943,207.4578,70,65
0,False,207.4631,207.9663,68,58
0,False,207.4684,208.4747,72,64
0,False,207.4578,208.9726,65,67
0,False,207.9663,208.9779,68,58
0,False,208.48,208.9779,72,64
0,False,207.4578,208.9832,77,113
0,False,208.9885,209.4917,68,62
0,False,208.9832,209.9896,75,116
0,False,207.4578,210.4981,41,64
0,False,208.9832,210.4981,65,59
0,False,208.9938,210.4981,72,57
0,False,210.0002,210.4981,79,120
0,False,207.4631,210.5034,48,64
0,False,209.4917,210.5034,68,58
0,False,207.4684,210.5086,53,64
0,False,210.5086,211.0065,68,59
0,False,210.5139,211.5203,72,57
0,False,211.5256,212.0235,72,57
0,False,211.0171,212.0288,68,58
0,False,210.5192,212.0341,77,112
0,False,212.0394,212.5373,72,59
0,False,212.0341,213.0404,75,114
0,False,210.5086,213.051,41,64
0,False,212.0341,213.5489,68,58
0,False,213.051,213.5489,75,111
0,False,213.051,213.5489,41,64
0,False,210.5139,213.5542,48,64
0,False,212.5426,213.5542,72,58
0,False,210.5192,213.5595,53,64
0,False,213.5701,214.068,67,59
0,False,213.5595,214.5764,70,64
0,False,214.068,215.0743,67,57
0,False,214.5764,215.0743,70,57
0,False,213.5648,215.0849,74,123
0,False,215.0955,215.5934,67,59
0,False,213.5595,216.1019,43,64
0,False,215.0849,216.1019,70,64
0,False,215.5934,216.5998,67,57
0,False,216.1019,216.5998,46,64
0,False,216.1019,216.5998,70,57
0,False,213.5648,216.6051,50,64
0,False,213.5701,216.6104,55,64
0,False,215.0902,216.6104,72,124
0,False,216.6104,217.1135,62,56
0,False,216.6209,217.6273,67,59
0,False,217.1188,218.1252,63,63
0,False,217.6326,218.1305,67,56
0,False,216.6104,218.1358,71,119
0,False,218.1464,218.639,67,59
0,False,218.1358,219.1421,71,57
0,False,218.639,219.6453,67,63
0,False,216.6104,219.6506,47,64
0,False,216.6156,219.6559,50,64
0,False,219.158,219.6559,71,56
0,False,216.6209,219.6612,55,64
0,False,218.1411,219.6612,74,118
0,False,219.6718,221.1866,75,115
0,False,219.6665,222.7015,72,63
0,False,219.6612,222.712,68,64
0,False,221.1972,222.712,77,116
0,False,222.7226,224.2375,79,114
0,False,219.6665,225.2491,51,64
0,False,219.6612,225.7523,44,64
0,False,225.2544,225.7523,51,64
0,False,219.6718,225.7629,56,64
0,False,222.712,225.7629,75,61
0,False,222.7173,225.7629,72,63
0,False,224.2481,225.7629,82,119
0,False,225.7735,227.2883,86,126
0,False,225.7629,228.8032,39,64
0,False,225.7629,228.8137,79,61
0,False,225.7682,228.8137,75,59
0,False,227.2989,228.8137,84,124
0,False,228.8137,230.3392,86,122
0,False,228.8137,231.3455,39,64
0,False,231.3561,231.854,39,64
0,False,225.7682,231.8593,46,64
0,False,225.7735,231.8646,51,64
0,False,228.8137,231.8646,79,61
0,False,228.819,231.8646,75,59
0,False,230.3392,231.8646,87,126
0,False,231.8752,233.39,89,127
0,False,231.8646,234.9049,80,67
0,False,231.8646,234.9049,41,64
0,False,233.4006,234.9049,87,108
0,False,231.8699,234.9102,48,64
0,False,231.8699,234.9154,84,58
0,False,231.8752,234.9154,53,64
0,False,234.9207,236.4356,89,123
0,False,234.9154,237.4472,41,64
0,False,234.9154,237.9557,80,67
0,False,237.4578,237.9557,41,64
0,False,234.9207,237.961,48,64
0,False,236.4462,237.961,87,124
0,False,234.9207,237.9663,84,58
0,False,234.926,237.9663,53,64
0,False,237.9663,240.4981,91,127
0,False,240.5087,240.7629,89,116
0,False,237.9716,241.0119,50,64
0,False,237.9663,241.0172,82,64
0,False,237.9663,241.0172,43,64
0,False,237.9769,241.0172,79,59
0,False,237.9769,241.0172,55,64
0,False,240.7629,241.0172,87,123
0,False,241.0172,242.5426,86,119
0,False,241.0172,244.0574,83,59
0,False,241.0172,244.0574,47,64
0,False,241.0224,244.0627,50,64
0,False,241.0277,244.0627,79,59
0,False,241.0277,244.0627,55,64
0,False,242.5426,244.0627,89,123
0,False,244.068,245.5934,68,96
0,False,244.0733,245.5934,72,95
0,False,244.0786,245.5934,75,90
0,False,245.5987,246.6104,72,88
0,False,244.068,247.1083,44,96
0,False,246.6104,247.1083,72,86
0,False,244.0733,247.1136,51,96
0,False,244.0786,247.1188,56,96
0,False,245.5934,247.1188,68,90
0,False,245.604,247.1188,79,94
0,False,247.1188,248.6443,68,91
0,False,247.1241,248.6443,72,94
0,False,247.1294,248.6443,75,88
0,False,247.1188,249.6612,44,96
0,False,248.6496,249.6612,72,97
0,False,249.6612,250.1591,44,96
0,False,247.1241,250.1644,51,96
0,False,247.1294,250.1697,56,96
0,False,248.6443,250.1697,68,96
0,False,248.6549,250.1697,79,93
0,False,249.6612,250.1697,72,91
0,False,250.1697,251.6951,67,91
0,False,250.175,251.6951,70,89
0,False,250.1803,251.6951,75,93
0,False,251.7004,252.7121,75,91
0,False,250.1697,253.21,39,96
0,False,252.7121,253.21,75,88
0,False,250.175,253.2153,46,96
0,False,250.1803,253.2205,51,96
0,False,251.6951,253.2205,70,99
0,False,251.7057,253.2205,79,99
0,False,253.2205,254.2375,75,97
0,False,253.2205,254.746,77,97
0,False,253.2258,254.746,67,87
0,False,253.2311,254.746,70,90
0,False,254.2534,254.7513,75,88
0,False,253.2205,255.7629,39,96
0,False,254.7566,255.7629,75,98
0,False,255.7629,256.2608,39,96
0,False,253.2258,256.2661,46,96
0,False,253.2311,256.2714,51,96
0,False,254.746,256.2714,79,96
0,False,254.7513,256.2714,70,93
0,False,255.7629,256.2714,75,91
0,False,256.2714,257.7862,65,100
0,False,256.2767,257.7968,68,87
0,False,256.282,257.7968,72,97
0,False,257.7968,258.5489,68,88
0,False,256.2714,259.3117,41,96
0,False,257.7968,259.3117,77,94
0,False,256.2767,259.317,48,96
0,False,258.5648,259.317,68,86
0,False,256.282,259.3222,53,96
0,False,257.8021,259.3222,72,93
0,False,257.8074,259.3222,79,86
0,False,259.3222,260.0744,67,89
0,False,259.3275,260.8424,72,86
0,False,259.3328,260.8477,77,94
0,False,260.0956,260.8477,67,86
0,False,260.8477,261.3456,79,94
0,False,261.3614,261.8593,79,94
0,False,259.3222,261.8646,41,96
0,False,261.8699,262.1189,79,94
0,False,260.8477,262.3625,68,87
0,False,261.8646,262.3625,41,96
0,False,259.3275,262.3678,48,96
0,False,260.853,262.3678,72,88
0,False,262.1189,262.3678,80,88
0,False,259.3328,262.3731,53,96
0,False,262.3731,263.1358,70,96
0,False,263.1358,263.8879,70,86
0,False,262.3784,263.8985,74,99
0,False,262.3837,263.8985,79,88
0,False,263.8985,264.407,70,85
0,False,262.3731,264.9155,43,96
0,False,264.407,265.4134,70,86
0,False,264.9155,265.4134,46,96
0,False,262.3784,265.4187,50,96
0,False,262.3837,265.424,55,96
0,False,263.9038,265.424,74,87
0,False,263.9091,265.424,79,88
0,False,265.424,266.1867,71,92
0,False,266.1867,266.9388,71,86
0,False,265.4292,266.9494,74,85
0,False,265.4345,266.9494,79,89
0,False,266.9547,267.4578,74,86
0,False,266.96,267.4578,77,88
0,False,267.4578,267.961,75,86
0,False,266.9494,267.9663,71,98
0,False,265.424,268.4642,47,96
0,False,267.9663,268.4642,71,84
0,False,265.4292,268.4695,50,96
0,False,267.9663,268.4695,74,86
0,False,265.4345,268.4748,55,96
0,False,268.4854,268.9833,75,90
0,False,268.9833,269.9896,75,90
0,False,268.4748,270.0002,68,96
0,False,268.4801,270.0002,72,95
0,False,270.0108,270.5087,79,94
0,False,270.0055,271.0172,72,88
0,False,268.4748,271.5151,44,96
0,False,270.5087,271.5151,79,94
0,False,271.0172,271.5151,72,86
0,False,268.4801,271.5204,51,96
0,False,268.4854,271.5256,56,96
0,False,270.0002,271.5256,68,90
0,False,271.5362,272.0341,75,88
0,False,271.5256,273.0511,68,91
0,False,271.5309,273.0511,72,94
0,False,272.0447,273.0511,75,88
0,False,273.0617,273.5596,79,93
0,False,273.5596,274.0574,79,93
0,False,271.5256,274.068,44,96
0,False,273.0564,274.068,72,97
0,False,274.068,274.5659,44,96
0,False,274.068,274.5659,80,93
0,False,271.5309,274.5712,51,96
0,False,271.5362,274.5765,56,96
0,False,273.0511,274.5765,68,96
0,False,274.068,274.5765,72,91
0,False,274.5871,275.0691,75,93
0,False,274.5765,276.1019,67,91
0,False,274.5818,276.1019,70,89
0,False,275.0744,276.1019,75,93
0,False,276.1125,276.6104,79,99
0,False,276.1072,277.1189,75,91
0,False,274.5765,277.6168,39,96
0,False,276.6104,277.6168,79,99
0,False,277.1189,277.6168,75,88
0,False,274.5818,277.6221,46,96
0,False,274.5871,277.6274,51,96
0,False,276.1019,277.6274,70,99
0,False,277.6274,278.1358,75,97
0,False,277.6274,278.6443,77,97
0,False,277.6326,279.1528,67,87
0,False,277.6379,279.1528,70,90
0,False,278.1411,279.1581,75,97
0,False,278.6496,279.1581,77,96
0,False,279.1528,279.6612,82,96
0,False,277.6274,280.1697,39,96
0,False,279.1634,280.1697,75,98
0,False,279.6612,280.1697,80,96
0,False,280.1697,280.6676,39,96
0,False,277.6326,280.6729,46,96
0,False,277.6379,280.6782,51,96
0,False,279.1581,280.6782,70,93
0,False,280.1697,280.6782,75,91
0,False,280.1697,280.6782,79,96
0,False,280.6782,282.193,65,100
0,False,280.6835,282.2036,68,87
0,False,280.6888,282.2036,72,97
0,False,282.2036,282.9557,68,88
0,False,282.2036,282.9557,77,94
0,False,282.2089,282.9663,72,93
0,False,282.2142,282.9663,79,86
0,False,280.6782,283.7185,41,96
0,False,282.9663,283.7185,79,88
0,False,282.9663,283.7185,68,88
0,False,282.9663,283.7185,77,94
0,False,280.6835,283.7238,48,96
0,False,280.6888,283.729,53,96
0,False,282.9716,283.729,72,93
0,False,283.729,284.4812,67,89
0,False,283.7343,284.4865,72,86
0,False,283.7396,284.4918,77,94
0,False,284.4918,285.2439,67,89
0,False,284.4971,285.2492,72,86
0,False,284.5024,285.2545,77,94
0,False,285.2545,285.7524,68,87
0,False,285.2545,285.7524,79,94
0,False,285.2598,285.7577,72,88
0,False,285.7577,286.2555,68,87
0,False,285.7682,286.2661,79,94
0,False,285.7682,286.2661,72,88
0,False,283.729,286.2714,41,96
0,False,286.2767,286.5204,79,94
0,False,286.2661,286.764,72,88
0,False,286.2714,286.7693,41,96
0,False,286.2714,286.7693,68,87
0,False,283.7343,286.7746,48,96
0,False,286.5257,286.7746,80,88
0,False,283.7396,286.7799,53,96
0,False,286.7799,287.5426,70,96
0,False,287.5426,288.2947,70,86
0,False,286.7852,288.3053,74,99
0,False,286.7905,288.3053,79,88
0,False,288.3053,288.8138,70,85
0,False,286.7799,289.3223,43,96
0,False,288.3106,289.3223,74,87
0,False,288.8138,289.8202,70,86
0,False,289.3223,289.8202,46,96
0,False,286.7852,289.8255,50,96
0,False,286.7905,289.8307,55,96
0,False,288.3159,289.8307,79,88
0,False,289.3223,289.8307,74,92
0,False,289.8307,290.3392,71,92
0,False,289.836,290.3392,74,85
0,False,289.8413,290.3392,79,89
0,False,290.3392,290.8371,71,86
0,False,290.3392,290.8424,74,85
0,False,290.3445,290.8424,79,89
0,False,290.8424,291.3456,74,85
0,False,290.8477,291.3456,79,86
0,False,290.8477,291.3456,83,89
0,False,291.3562,291.8646,83,98
0,False,291.3615,291.8646,77,86
0,False,291.3668,291.8646,79,88
0,False,291.3721,291.8699,86,88
0,False,291.8646,292.3625,83,86
0,False,291.8699,292.3731,77,86
0,False,291.8752,292.3731,79,88
0,False,291.8805,292.3784,86,88
0,False,289.8307,292.871,47,96
0,False,292.3731,292.871,83,84
0,False,289.836,292.8763,50,96
0,False,289.8413,292.8816,55,96
0,False,292.3784,292.8816,77,86
0,False,292.3837,292.8816,79,88
0,False,292.389,292.8816,86,88
0,False,292.8869,293.3901,84,95
0,False,292.8816,293.888,87,90
0,False,292.8816,293.8986,80,96
0,False,292.8922,294.407,75,90
0,False,293.3901,294.407,84,96
0,False,293.9091,294.407,80,86
0,False,294.407,294.9155,68,90
0,False,294.4123,295.424,72,88
0,False,292.8816,295.9219,44,96
0,False,294.9155,295.9219,68,86
0,False,295.424,295.9219,72,86
0,False,292.8869,295.9272,51,96
0,False,292.8922,295.9324,56,96
0,False,294.4176,295.9324,75,94
0,False,295.9324,296.4409,68,91
0,False,295.9377,296.9494,72,94
0,False,296.9494,297.4473,72,86
0,False,296.4462,297.4526,68,86
0,False,295.943,297.4579,77,88
0,False,297.4579,297.9664,68,96
0,False,295.9324,298.4748,44,96
0,False,297.4632,298.4748,72,97
0,False,298.4748,298.9727,44,96
0,False,298.4748,298.9727,72,86
0,False,295.9377,298.978,51,96
0,False,295.943,298.9833,56,96
0,False,297.4685,298.9833,75,93
0,False,297.9664,298.9833,68,96
0,False,298.9833,299.4918,63,91
0,False,298.9886,300.0002,67,89
0,False,300.0002,300.4981,67,86
0,False,298.9939,300.5087,70,93
0,False,299.4918,300.5087,63,91
0,False,300.5087,301.0172,63,99
0,False,300.514,301.5257,67,91
0,False,298.9833,302.0236,39,96
0,False,301.0172,302.0236,63,88
0,False,298.9886,302.0289,46,96
0,False,301.5416,302.0289,67,88
0,False,298.9939,302.0341,51,96
0,False,300.5193,302.0341,70,99
0,False,302.0394,302.5426,67,87
0,False,302.0447,303.0511,70,90
0,False,302.0341,303.5596,77,97
0,False,303.0564,303.5596,70,87
0,False,302.5532,303.5649,67,87
0,False,303.5649,304.068,67,93
0,False,302.0341,304.5765,39,96
0,False,303.5702,304.5765,70,98
0,False,304.5765,305.0744,39,96
0,False,302.0394,305.0797,46,96
0,False,304.068,305.0797,67,87
0,False,304.5765,305.0797,70,87
0,False,302.0447,305.085,51,96
0,False,303.5596,305.085,75,96
0,False,305.0903,305.5935,68,87
0,False,305.0956,306.102,72,97
0,False,305.085,306.5998,65,100
0,False,305.5935,306.6051,68,87
0,False,306.1072,306.6051,72,97
0,False,306.6157,307.1189,68,93
0,False,306.621,307.6168,72,86
0,False,305.0903,308.12,75,96
0,False,305.085,308.1253,41,96
0,False,306.6104,308.1253,65,88
0,False,305.0903,308.1306,48,96
0,False,307.1189,308.1306,68,87
0,False,307.6274,308.1306,72,87
0,False,305.0956,308.1358,53,96
0,False,308.1464,308.6443,77,94
0,False,308.6496,309.1475,75,94
0,False,308.1358,309.6507,68,89
0,False,309.1528,309.6507,74,94
0,False,308.1411,309.656,72,86
0,False,309.6613,310.1592,75,94
0,False,310.1697,310.6676,74,94
0,False,308.1358,310.6782,41,96
0,False,309.6613,310.9219,68,87
0,False,309.6666,310.9272,72,88
0,False,310.6782,311.1761,77,94
0,False,310.6782,311.1761,41,96
0,False,308.1411,311.1814,48,96
0,False,308.1464,311.1867,53,96
0,False,311.192,311.6952,74,99
0,False,311.1867,312.2036,70,96
0,False,312.2036,312.7015,70,86
0,False,311.7005,312.7068,74,94
0,False,311.1973,312.7121,79,88
0,False,312.7174,313.2206,74,99
0,False,311.1867,313.7291,43,96
0,False,312.7121,313.7291,70,96
0,False,313.7291,314.227,46,96
0,False,313.7291,314.227,70,86
0,False,311.192,314.2323,50,96
0,False,313.2259,314.2323,74,94
0,False,311.1973,314.2376,55,96
0,False,312.7227,314.2376,79,88
0,False,313.9833,314.2376,80,88
0,False,314.2428,314.746,74,85
0,False,314.2376,315.2545,71,92
0,False,314.746,315.7524,74,94
0,False,315.2598,315.7577,71,86
0,False,314.2481,315.763,79,89
0,False,315.7683,316.2714,74,86
0,False,315.7736,316.2714,77,88
0,False,316.2714,316.7746,75,86
0,False,315.763,316.7799,71,98
0,False,314.2376,317.2778,47,96
0,False,314.2428,317.2831,50,96
0,False,316.7799,317.2831,74,86
0,False,316.7852,317.2831,71,84
0,False,314.2481,317.2884,55,96
0,False,317.2884,317.7969,68,96
0,False,317.2937,318.3053,72,95
0,False,317.299,318.8138,75,90
0,False,317.7969,318.8138,68,96
0,False,318.3159,318.8138,72,86
0,False,318.8191,319.3223,72,88
0,False,318.8244,319.8308,75,94
0,False,317.2884,320.3287,44,96
0,False,319.3223,320.3287,72,86
0,False,319.8308,320.3287,75,86
0,False,317.2937,320.334,51,96
0,False,317.299,320.3392,56,96
0,False,318.8138,320.3392,68,90
0,False,320.3392,320.8477,80,91
0,False,320.3498,321.3562,77,88
0,False,320.3392,321.8541,84,88
0,False,321.3562,321.8541,75,86
0,False,320.853,321.8594,80,86
0,False,321.8647,322.3731,80,96
0,False,320.3392,322.8816,44,96
0,False,321.8753,322.8816,75,93
0,False,321.8647,323.3795,82,99
0,False,322.8816,323.3795,44,96
0,False,320.3445,323.3848,51,96
0,False,322.8869,323.3848,75,86
0,False,320.3498,323.3901,56,96
0,False,322.3731,323.3901,80,96
0,False,323.3901,323.8986,63,91
0,False,323.3954,324.407,67,89
0,False,324.407,324.9049,67,86
0,False,323.4007,324.9155,70,93
0,False,323.8986,324.9155,63,91
0,False,324.9208,325.424,70,91
0,False,324.9261,325.9325,75,99
0,False,323.3901,326.4304,39,96
0,False,325.424,326.4304,70,88
0,False,323.3954,326.4357,46,96
0,False,325.9484,326.4357,75,88
0,False,323.4007,326.441,51,96
0,False,324.9155,326.441,67,99
0,False,326.4462,326.9494,79,87
0,False,326.441,327.4473,77,88
0,False,326.441,327.9558,84,99
0,False,327.4579,327.9558,75,86
0,False,326.4515,327.9664,82,90
0,False,326.96,327.9717,79,87
0,False,327.977,328.4748,79,98
0,False,326.441,328.9833,39,96
0,False,327.9664,328.9833,75,96
0,False,327.9664,329.4812,82,88
0,False,328.9833,329.4812,39,96
0,False,326.4462,329.4865,46,96
0,False,328.4748,329.4865,79,87
0,False,326.4515,329.4918,51,96
0,False,328.9833,329.4918,75,96
0,False,329.4971,330.0003,68,87
0,False,329.5024,330.5087,72,97
0,False,329.4971,331.0013,75,96
0,False,329.4918,331.0066,65,100
0,False,330.0003,331.0119,68,87
0,False,330.514,331.0119,72,97
0,False,331.0225,331.5257,72,93
0,False,331.0278,332.0236,75,86
0,False,331.0172,332.5215,80,96
0,False,329.4918,332.5321,41,96
0,False,331.0172,332.5321,68,88
0,False,329.4971,332.5374,48,96
0,False,331.5257,332.5374,72,87
0,False,332.0342,332.5374,75,87
0,False,329.5024,332.5426,53,96
0,False,332.5426,333.0405,84,94
0,False,332.5532,333.0511,77,94
0,False,333.0511,333.549,82,94
0,False,333.0564,333.5543,75,94
0,False,333.5596,334.0575,74,94
0,False,333.5596,334.0575,79,94
0,False,332.5479,334.0628,72,86
0,False,334.0681,334.566,75,94
0,False,334.0681,334.566,82,94
0,False,334.5766,335.0744,74,94
0,False,334.5766,335.0744,79,94
0,False,332.5426,335.085,41,96
0,False,335.085,335.5829,77,94
0,False,335.085,335.5829,41,96
0,False,335.085,335.5829,82,94
0,False,332.5479,335.5882,48,96
0,False,334.0734,335.5882,72,88
0,False,332.5532,335.5935,53,96
0,False,335.6041,336.102,79,88
0,False,335.5988,336.6104,74,99
0,False,335.5935,337.1083,84,94
0,False,336.6104,337.1083,74,86
0,False,336.1073,337.1136,79,94
0,False,337.1189,337.6274,70,96
0,False,337.1295,337.6274,79,88
0,False,335.5935,338.1359,43,96
0,False,337.1242,338.1359,74,99
0,False,337.1189,338.6338,82,94
0,False,338.1359,338.6338,46,96
0,False,338.1359,338.6338,74,86
0,False,335.5988,338.6391,50,96
0,False,337.6327,338.6391,79,94
0,False,335.6041,338.6443,55,96
0,False,338.3901,338.6443,80,88
0,False,338.6496,339.1528,74,85
0,False,338.6443,339.6613,71,92
0,False,339.1528,340.1592,74,94
0,False,339.6666,340.1645,71,86
0,False,338.6549,340.1698,79,89
0,False,340.1751,340.6782,74,86
0,False,340.1698,341.1867,71,98
0,False,338.6443,341.6846,47,96
0,False,338.6496,341.6899,50,96
0,False,340.6782,341.6899,74,86
0,False,341.192,341.6899,71,84
0,False,338.6549,341.6952,55,96
0,False,340.1804,341.6952,79,88
0,False,341.7058,342.2037,75,90
0,False,342.2037,342.4473,75,90
0,False,341.6952,343.21,44,96
0,False,342.4579,343.21,75,90
0,False,341.7005,343.2153,51,96
0,False,341.6952,343.2206,68,96
0,False,341.7005,343.2206,72,95
0,False,343.2312,343.7291,79,94
0,False,343.7397,343.9833,79,90
0,False,343.2259,344.2376,72,88
0,False,343.2206,344.7355,44,96
0,False,343.9833,344.7355,79,94
0,False,344.2376,344.7355,72,86
0,False,343.2259,344.7408,51,96
0,False,341.7058,344.746,56,96
0,False,343.2206,344.746,68,90
0,False,344.7566,345.2439,75,88
0,False,345.2439,345.4876,75,88
0,False,345.5088,346.2609,75,90
0,False,344.7513,346.2662,51,96
0,False,344.746,346.2715,44,96
0,False,344.746,346.2715,68,91
0,False,344.7513,346.2715,72,94
0,False,344.7566,346.2715,56,96
0,False,346.2715,347.2884,46,96
0,False,346.2768,347.2884,72,97
0,False,346.2715,347.7863,56,96
0,False,347.2884,347.7863,44,96
0,False,346.2768,347.7916,51,96
0,False,346.2715,347.7969,68,96
0,False,346.2821,347.7969,79,93
0,False,347.2884,347.7969,72,91
0,False,347.8075,348.3001,75,93
0,False,348.3001,348.549,75,93
0,False,347.7969,349.3117,39,96
0,False,347.8022,349.317,46,96
0,False,348.5596,349.317,75,93
0,False,347.7969,349.3223,67,91
0,False,347.8022,349.3223,70,89
0,False,349.3329,349.8308,79,99
0,False,349.8361,350.0797,79,99
0,False,349.3276,350.3393,75,91
0,False,349.317,350.8319,39,96
0,False,349.3223,350.8372,46,96
0,False,350.3393,350.8372,75,88
0,False,347.8075,350.8477,51,96
0,False,349.3223,350.8477,70,99
0,False,350.085,350.8477,79,97
0,False,350.8477,351.3562,75,97
0,False,351.3615,351.87,75,97
0,False,350.853,352.3679,46,96
0,False,350.8477,352.3732,39,96
0,False,350.8477,352.3732,77,97
0,False,350.853,352.3732,67,87
0,False,350.8583,352.3732,70,90
0,False,350.8583,352.3732,51,96
0,False,351.8806,352.3785,75,88
0,False,352.3732,353.3901,39,96
0,False,352.3838,353.3901,75,98
0,False,353.3901,353.888,39,96
0,False,352.3785,353.8933,46,96
0,False,352.3732,353.8986,79,96
0,False,352.3785,353.8986,70,93
0,False,352.3838,353.8986,51,96
0,False,353.3901,353.8986,75,91
0,False,353.9092,354.3912,72,97
0,False,354.4124,354.6507,75,93
0,False,353.8986,355.4134,41,96
0,False,353.8986,355.4134,65,100
0,False,353.9039,355.4187,48,96
0,False,354.6613,355.4187,75,93
0,False,353.9039,355.424,68,87
0,False,355.4346,355.9113,79,86
0,False,355.9219,356.1603,79,93
0,False,355.424,356.1761,68,88
0,False,356.1814,356.9283,79,93
0,False,355.424,356.9389,77,94
0,False,355.424,356.9389,41,96
0,False,355.4293,356.9442,48,96
0,False,356.192,356.9442,68,86
0,False,353.9092,356.9494,53,96
0,False,355.4293,356.9494,72,93
0,False,356.9494,357.7016,67,89
0,False,357.4685,357.7069,75,93
0,False,356.9547,358.4696,72,86
0,False,356.9547,358.4696,48,96
0,False,356.9494,358.4749,41,96
0,False,356.96,358.4749,53,96
0,False,356.96,358.4749,77,94
0,False,357.7175,358.4749,75,93
0,False,357.7228,358.4749,67,86
0,False,358.4749,358.9728,79,94
0,False,358.9886,359.4865,79,94
0,False,358.4749,359.4918,41,96
0,False,359.4971,359.7461,79,94
0,False,358.4749,359.9897,68,87
0,False,359.4918,359.9897,41,96
0,False,358.4802,359.995,72,88
0,False,358.4802,359.995,48,96
0,False,359.7461,359.995,80,88
0,False,358.4855,360.0003,53,96
0,False,360.0003,360.763,70,96
0,False,360.763,361.5151,70,86
0,False,360.0056,361.5204,50,96
0,False,360.0003,361.5257,43,96
0,False,360.0056,361.5257,74,99
0,False,360.0109,361.5257,79,88
0,False,361.5257,362.0342,70,85
0,False,361.5257,362.5427,43,96
0,False,362.0342,363.0406,70,86
0,False,362.5427,363.0406,46,96
0,False,361.531,363.0459,50,96
0,False,360.0109,363.0511,55,96
0,False,361.531,363.0511,74,87
0,False,361.5363,363.0511,79,88
0,False,363.0511,363.8139,71,92
0,False,363.0511,364.566,47,96
0,False,363.8139,364.566,71,86
0,False,363.0564,364.5713,50,96
0,False,363.0564,364.5766,74,85
0,False,363.0617,364.5766,55,96
0,False,363.0617,364.5766,79,89
0,False,364.5819,365.085,74,86
0,False,364.5872,365.085,77,88
0,False,365.085,365.5829,75,88
0,False,364.5766,365.5935,71,98
0,False,365.5935,366.0596,74,86
0,False,364.5766,366.0914,47,96
0,False,365.5935,366.0914,71,84
0,False,364.5819,366.0967,50,96
0,False,364.5872,366.102,55,96
0,False,366.1126,366.6105,75,90
0,False,366.6105,366.8541,75,90
0,False,366.102,367.6168,44,96
0,False,366.8647,367.6168,75,90
0,False,366.1073,367.6221,51,96
0,False,366.102,367.6274,68,96
0,False,366.1073,367.6274,72,95
0,False,367.638,368.1359,79,94
0,False,368.1412,368.3848,79,94
0,False,367.6327,368.6444,72,88
0,False,367.6274,369.1423,44,96
0,False,368.6444,369.1423,72,86
0,False,367.6327,369.1476,51,96
0,False,368.4007,369.1476,79,94
0,False,366.1126,369.1528,56,96
0,False,367.6274,369.1528,68,90
0,False,369.1634,369.6613,75,88
0,False,369.6719,369.905,75,88
0,False,369.9156,370.6677,75,88
0,False,369.1581,370.673,51,96
0,False,369.1528,370.6783,68,91
0,False,369.1528,370.6783,44,96
0,False,369.1581,370.6783,72,94
0,False,369.1634,370.6783,56,96
0,False,370.6783,371.1867,84,91
0,False,370.6783,371.1867,46,96
0,False,370.6783,371.1867,56,96
0,False,370.6836,371.1867,51,96
0,False,370.6889,371.1867,79,93
0,False,371.1867,371.6846,79,93
0,False,370.6836,371.6952,72,97
0,False,371.1867,371.6952,84,91
0,False,371.1867,371.6952,51,96
0,False,371.1867,371.6952,46,96
0,False,371.1867,371.6952,56,96
0,False,371.6952,372.1931,44,96
0,False,371.6952,372.1931,80,93
0,False,371.6952,372.1931,56,96
0,False,371.6952,372.1984,51,96
0,False,371.6952,372.2037,72,91
0,False,371.6952,372.2037,84,91
0,False,372.2143,372.6963,75,93
0,False,372.7016,372.9664,75,93
0,False,372.2037,373.7185,39,96
0,False,372.209,373.7238,46,96
0,False,372.9717,373.7238,75,88
0,False,372.2037,373.7291,79,91
0,False,372.209,373.7291,70,89
0,False,373.7397,374.227,79,99
0,False,374.2376,374.4812,79,99
0,False,373.7344,374.7461,75,91
0,False,373.7238,375.2387,39,96
0,False,373.7291,375.244,46,96
0,False,374.7461,375.244,75,88
0,False,374.4971,375.2493,79,88
0,False,372.2143,375.2546,51,96
0,False,373.7291,375.2546,70,99
0,False,375.2546,375.763,75,97
0,False,375.2546,376.2715,77,97
0,False,375.2598,376.2715,67,87
0,False,375.2598,376.7747,46,96
0,False,375.2546,376.78,39,96
0,False,375.2651,376.78,51,96
0,False,375.2651,376.78,70,90
0,False,375.7683,376.7853,75,97
0,False,376.2768,376.7853,77,96
0,False,376.78,377.2779,87,98
0,False,376.78,377.2884,82,96
0,False,376.78,377.2884,39,96
0,False,376.7853,377.2884,46,96
0,False,376.7906,377.2884,51,96
0,False,377.2937,377.7916,84,98
0,False,376.7906,377.7969,75,98
0,False,377.2884,377.7969,80,96
0,False,377.2884,377.7969,51,96
0,False,377.2884,377.7969,46,96
0,False,377.2884,377.7969,39,96
0,False,377.7916,378.2895,82,98
0,False,377.7916,378.2895,70,98
0,False,377.7969,378.2948,39,96
0,False,377.7969,378.2948,39,96
0,False,377.7969,378.3001,46,96
0,False,377.7969,378.3054,79,96
0,False,377.7969,378.3054,75,91
0,False,377.7969,378.3054,51,96
0,False,378.8139,379.3118,75,93
0,False,378.3054,379.8202,41,96
0,False,378.3054,379.8202,77,100
0,False,379.3223,379.8202,75,88
0,False,378.3107,379.8255,48,96
0,False,378.3107,379.8308,68,87
0,False,378.316,379.8308,72,97
0,False,379.8308,380.5829,68,88
0,False,379.8308,380.5829,77,94
0,False,379.8308,380.5829,48,96
0,False,379.8308,380.5935,41,96
0,False,379.8361,380.5935,72,93
0,False,379.8414,380.5935,79,86
0,False,380.5935,381.3457,68,88
0,False,380.5935,381.3457,77,94
0,False,380.5935,381.3457,48,96
0,False,380.5935,381.3457,79,88
0,False,378.316,381.3562,53,96
0,False,380.5935,381.3562,41,96
0,False,380.5988,381.3562,72,93
0,False,381.3562,382.1084,67,89
0,False,381.3615,382.1137,72,86
0,False,381.3615,382.1137,48,96
0,False,381.3562,382.119,41,96
0,False,381.3668,382.119,53,96
0,False,381.3668,382.119,77,94
0,False,382.119,382.6274,41,96
0,False,382.1296,382.6274,53,96
0,False,382.119,382.8711,67,89
0,False,382.119,382.8711,75,88
0,False,382.6274,382.8711,41,96
0,False,382.6274,382.8711,53,96
0,False,382.1243,382.8764,72,86
0,False,382.1243,382.8764,48,96
0,False,382.1296,382.8817,77,94
0,False,382.8817,383.3796,79,94
0,False,382.8817,383.3796,68,87
0,False,382.887,383.3849,72,88
0,False,382.8817,383.3901,41,96
0,False,382.887,383.3901,48,96
0,False,382.8923,383.3901,53,96
0,False,383.3901,383.6391,48,96
0,False,383.3901,383.6444,53,96
0,False,383.3901,383.6444,41,96
0,False,383.3849,383.8827,68,87
0,False,383.3954,383.8933,79,94
0,False,383.3954,383.8933,72,88
0,False,383.6444,383.8986,41,96
0,False,383.6497,383.8986,48,96
0,False,383.655,383.8986,53,96
0,False,383.9039,384.1476,79,94
0,False,383.8933,384.3912,72,88
0,False,383.8986,384.3965,68,87
0,False,383.8986,384.3965,41,96
0,False,383.8986,384.4018,48,96
0,False,384.1529,384.4018,80,88
0,False,383.8986,384.4071,53,96
0,False,384.4071,385.1698,70,96
0,False,385.1698,385.9219,70,86
0,False,384.4124,385.9272,50,96
0,False,384.4071,385.9325,43,96
0,False,384.4124,385.9325,74,99
0,False,384.4177,385.9325,79,88
0,False,385.9325,386.441,70,85
0,False,385.9325,386.9495,43,96
0,False,385.9378,386.9495,74,87
0,False,386.441,387.4474,70,86
0,False,386.9495,387.4474,46,96
0,False,385.9378,387.4527,50,96
0,False,384.4177,387.458,55,96
0,False,385.9431,387.458,79,88
0,False,386.9495,387.458,74,92
0,False,387.458,387.9664,71,92
0,False,387.4632,387.9664,74,85
0,False,387.4685,387.9664,79,89
0,False,387.9664,388.4643,71,86
0,False,387.9664,388.4696,74,85
0,False,387.9717,388.4696,79,89
0,False,387.458,388.9728,47,96
0,False,388.4696,388.9728,74,85
0,False,388.4749,388.9728,83,89
0,False,388.4749,388.9728,79,86
0,False,387.4632,388.9781,50,96
0,False,387.4685,388.9834,55,96
0,False,388.9834,389.4918,83,98
0,False,388.9834,389.4918,47,96
0,False,388.9887,389.4918,77,86
0,False,388.9887,389.4918,50,96
0,False,388.994,389.4918,79,88
0,False,388.994,389.4918,55,96
0,False,388.9993,389.4971,86,88
0,False,389.4918,389.9897,83,86
0,False,389.4918,390.0003,55,96
0,False,389.4918,390.0003,50,96
0,False,389.4918,390.0003,47,96
0,False,389.4971,390.0003,77,86
0,False,389.5024,390.0003,79,88
0,False,389.5077,390.0056,86,88
0,False,390.0003,390.4982,83,84
0,False,390.0003,390.4982,47,96
0,False,390.0003,390.5035,50,96
0,False,390.0003,390.5088,55,96
0,False,390.0056,390.5088,77,86
0,False,390.0109,390.5088,79,88
0,False,390.0162,390.5088,86,88
0,False,390.5141,391.0173,84,95
0,False,390.5088,391.5152,87,90
0,False,390.5088,391.5257,80,96
0,False,390.5088,392.0236,44,96
0,False,390.5141,392.0289,51,96
0,False,390.5194,392.0342,75,90
0,False,391.0173,392.0342,84,96
0,False,391.5363,392.0342,80,86
0,False,392.0342,392.5427,68,90
0,False,392.0395,393.0512,72,88
0,False,392.0342,393.5491,44,96
0,False,392.5427,393.5491,68,86
0,False,393.0512,393.5491,72,86
0,False,392.0395,393.5544,51,96
0,False,390.5194,393.5596,56,96
0,False,392.0448,393.5596,75,94
0,False,393.5596,394.0681,68,91
0,False,393.5649,394.5766,72,94
0,False,394.5766,395.0745,72,86
0,False,393.5649,395.0798,51,96
0,False,394.0734,395.0798,68,86
0,False,393.5596,395.0851,44,96
0,False,393.5702,395.0851,77,88
0,False,393.5702,395.0851,56,96
0,False,395.0851,395.5935,68,96
0,False,395.0851,396.102,46,96
0,False,395.0904,396.102,72,97
0,False,395.0851,396.5999,56,96
0,False,396.102,396.5999,72,86
0,False,396.102,396.5999,44,96
0,False,395.0904,396.6052,51,96
0,False,395.0957,396.6105,75,93
0,False,395.5935,396.6105,68,96
0,False,396.6105,397.119,63,91
0,False,396.6158,397.6274,67,89
0,False,396.6105,398.1253,39,96
0,False,397.6274,398.1253,67,86
0,False,396.6158,398.1306,46,96
0,False,396.6211,398.1359,70,93
0,False,397.119,398.1359,63,91
0,False,398.1359,398.6444,63,99
0,False,398.1412,399.1529,67,91
0,False,398.1306,399.6455,39,96
0,False,398.1359,399.6508,46,96
0,False,398.6444,399.6508,63,88
0,False,399.1688,399.6561,67,88
0,False,396.6211,399.6613,51,96
0,False,398.1465,399.6613,70,99
0,False,399.6666,400.1698,67,87
0,False,399.6719,400.6783,70,90
0,False,399.6666,401.1815,46,96
0,False,399.6613,401.1868,77,97
0,False,399.6613,401.1868,39,96
0,False,399.6719,401.1868,51,96
0,False,400.6836,401.1868,70,87
0,False,400.1804,401.1921,67,87
0,False,401.1921,401.6952,67,93
0,False,401.1868,402.2037,39,96
0,False,401.1974,402.2037,70,98
0,False,402.2037,402.7016,39,96
0,False,401.1921,402.7069,46,96
0,False,401.6952,402.7069,67,87
0,False,402.2037,402.7069,70,87
0,False,401.1868,402.7122,75,96
0,False,401.1974,402.7122,51,96
0,False,402.7175,403.2207,68,87
0,False,402.7228,403.7291,72,97
0,False,402.7122,404.227,65,100
0,False,402.7122,404.227,41,96
0,False,402.7175,404.2323,48,96
0,False,403.2207,404.2323,68,87
0,False,403.7344,404.2323,72,97
0,False,404.2429,404.7461,68,93
0,False,404.2482,405.244,72,86
0,False,402.7175,405.7472,75,96
0,False,404.2376,405.7525,65,88
0,False,404.2376,405.7525,41,96
0,False,404.2429,405.7578,48,96
0,False,404.7461,405.7578,68,87
0,False,405.2546,405.7578,72,87
0,False,402.7228,405.763,53,96
0,False,405.7736,406.2715,77,94
0,False,406.2768,406.7747,75,94
0,False,405.763,407.2779,68,89
0,False,406.78,407.2779,74,94
0,False,405.7683,407.2832,72,86
0,False,405.7683,407.2832,48,96
0,False,405.763,407.2885,41,96
0,False,405.7736,407.2885,53,96
0,False,407.2885,407.7864,75,94
0,False,407.797,408.2948,74,94
0,False,407.2885,408.3054,41,96
0,False,407.2885,408.5491,68,87
0,False,407.2938,408.5544,72,88
0,False,408.3054,408.8033,77,94
0,False,408.3054,408.8033,41,96
0,False,407.2938,408.8086,48,96
0,False,407.2991,408.8139,53,96
0,False,408.8192,409.3224,74,99
0,False,408.8139,409.8308,70,96
0,False,409.8308,410.3287,70,86
0,False,408.8192,410.334,50,96
0,False,409.3277,410.334,74,94
0,False,408.8139,410.3393,43,96
0,False,408.8245,410.3393,79,88
0,False,410.3446,410.8478,74,99
0,False,410.3393,411.3563,70,96
0,False,410.3393,411.3563,43,96
0,False,411.3563,411.8542,70,86
0,False,411.3563,411.8542,46,96
0,False,410.3446,411.8595,50,96
0,False,410.8531,411.8595,74,94
0,False,408.8245,411.8647,55,96
0,False,410.3499,411.8647,79,88
0,False,411.6105,411.8647,80,88
0,False,411.87,412.3732,74,85
0,False,411.8647,412.8817,71,92
0,False,411.8647,413.3796,47,96
0,False,412.3732,413.3796,74,94
0,False,411.87,413.3849,50,96
0,False,412.887,413.3849,71,86
0,False,411.8753,413.3902,79,89
0,False,411.8753,413.3902,55,96
0,False,413.3955,413.8986,74,86
0,False,413.4008,413.8986,77,88
0,False,413.8986,414.4018,75,86
0,False,413.3902,414.4071,71,98
0,False,413.3902,414.905,47,96
0,False,413.3955,414.9103,50,96
0,False,414.4071,414.9103,74,86
0,False,414.4124,414.9103,71,84
0,False,413.4008,414.9156,55,96
0,False,414.9156,415.4241,68,96
0,False,414.9209,415.9325,72,95
0,False,414.9156,416.4304,44,96
0,False,414.9209,416.4357,51,96
0,False,414.9262,416.441,75,90
0,False,415.4241,416.441,68,96
0,False,415.9431,416.441,72,86
0,False,416.4463,416.9495,72,88
0,False,416.4516,417.458,75,94
0,False,416.441,417.9559,44,96
0,False,416.9495,417.9559,72,86
0,False,417.458,417.9559,75,86
0,False,416.4463,417.9612,51,96
0,False,414.9262,417.9664,56,96
0,False,416.441,417.9664,68,90
0,False,417.9664,418.4749,80,91
0,False,417.977,418.9834,77,88
0,False,417.9664,419.4813,84,88
0,False,418.9834,419.4813,75,86
0,False,417.9717,419.4866,51,96
0,False,418.4802,419.4866,80,86
0,False,417.9664,419.4919,44,96
0,False,417.977,419.4919,56,96
0,False,419.4919,420.0004,80,96
0,False,419.4919,420.0004,46,96
0,False,419.4919,420.0004,56,96
0,False,419.4972,420.0004,51,96
0,False,419.5025,420.5088,75,93
0,False,420.0004,420.5088,51,96
0,False,420.0004,420.5088,46,96
0,False,420.0004,420.5088,56,96
0,False,419.4919,421.0067,82,99
0,False,420.5088,421.0067,44,96
0,False,420.5088,421.0067,56,96
0,False,420.5088,421.012,51,96
0,False,420.5141,421.012,75,86
0,False,420.0004,421.0173,80,96
0,False,421.0173,421.5258,63,91
0,False,421.0226,422.0342,67,89
0,False,421.0173,422.5321,39,96
0,False,422.0342,422.5321,67,86
0,False,421.0226,422.5374,46,96
0,False,421.0279,422.5427,70,93
0,False,421.5258,422.5427,63,91
0,False,422.548,423.0512,70,91
0,False,422.5533,423.5597,75,99
0,False,422.5374,424.0523,39,96
0,False,422.5427,424.0576,46,96
0,False,423.0512,424.0576,70,88
0,False,423.5756,424.0629,75,88
0,False,421.0279,424.0681,51,96
0,False,422.5427,424.0681,67,99
0,False,424.0734,424.5766,79,87
0,False,424.0681,425.0745,77,88
0,False,424.0681,425.583,84,99
0,False,425.0851,425.583,75,86
0,False,424.0734,425.5883,46,96
0,False,424.0681,425.5936,39,96
0,False,424.0787,425.5936,82,90
0,False,424.0787,425.5936,51,96
0,False,424.5872,425.5989,79,87
0,False,425.5936,426.102,39,96
0,False,425.5989,426.102,46,96
0,False,425.6042,426.102,79,98
0,False,425.6042,426.102,51,96
0,False,425.5936,426.6105,75,96
0,False,426.102,426.6105,51,96
0,False,426.102,426.6105,46,96
0,False,426.102,426.6105,39,96
0,False,425.5936,427.1084,82,88
0,False,426.6105,427.1084,39,96
0,False,426.6105,427.1084,39,96
0,False,426.102,427.1137,79,87
0,False,426.6105,427.1137,46,96
0,False,426.6105,427.119,75,96
0,False,426.6105,427.119,51,96
0,False,427.1243,427.6275,68,87
0,False,427.1296,428.136,72,97
0,False,427.1243,428.6285,75,96
0,False,427.119,428.6338,65,100
0,False,427.119,428.6338,41,96
0,False,427.1243,428.6391,48,96
0,False,427.6275,428.6391,68,87
0,False,428.1412,428.6391,72,97
0,False,428.6497,429.1529,72,93
0,False,428.6444,429.3965,48,96
0,False,428.6444,429.4071,41,96
0,False,428.655,429.6508,75,86
0,False,428.6444,430.1487,80,96
0,False,428.6444,430.1593,68,88
0,False,429.4071,430.1593,48,96
0,False,429.1529,430.1646,72,87
0,False,429.6614,430.1646,75,87
0,False,427.1296,430.1698,53,96
0,False,429.4071,430.1698,41,96
0,False,430.1698,430.6677,84,94
0,False,430.1804,430.6783,77,94
0,False,430.1751,430.9273,48,96
0,False,430.1698,430.9326,41,96
0,False,430.1804,430.9326,53,96
0,False,430.6783,431.1762,82,94
0,False,430.6836,431.1815,75,94
0,False,430.9326,431.441,41,96
0,False,430.9432,431.441,53,96
0,False,431.1868,431.6847,74,94
0,False,431.1868,431.6847,79,94
0,False,431.441,431.6847,41,96
0,False,431.441,431.6847,53,96
0,False,430.1751,431.69,72,86
0,False,430.9379,431.69,48,96
0,False,431.6953,432.1932,75,94
0,False,431.6953,432.1932,82,94
0,False,431.6953,432.2038,41,96
0,False,431.7006,432.2038,48,96
0,False,431.7059,432.2038,53,96
0,False,432.2038,432.4527,48,96
0,False,432.2038,432.458,53,96
0,False,432.2038,432.458,41,96
0,False,432.2038,432.7016,74,94
0,False,432.2038,432.7016,79,94
0,False,432.458,432.7122,41,96
0,False,432.4633,432.7122,48,96
0,False,432.4686,432.7122,53,96
0,False,432.7122,433.2101,77,94
0,False,432.7122,433.2101,82,94
0,False,432.7122,433.2101,41,96
0,False,431.7006,433.2154,72,88
0,False,432.7122,433.2154,48,96
0,False,432.7122,433.2207,53,96
0,False,433.2313,433.7292,79,88
0,False,433.226,434.2376,74,99
0,False,433.2207,434.7355,84,94
0,False,434.2376,434.7355,74,86
0,False,433.226,434.7408,50,96
0,False,433.7345,434.7408,79,94
0,False,433.2207,434.7461,43,96
0,False,434.7461,435.2546,70,96
0,False,434.7567,435.2546,79,88
0,False,434.7461,435.7631,43,96
0,False,434.7514,435.7631,74,99
0,False,434.7461,436.261,82,94
0,False,435.7631,436.261,74,86
0,False,435.7631,436.261,46,96
0,False,434.7514,436.2663,50,96
0,False,435.2599,436.2663,79,94
0,False,433.2313,436.2715,55,96
0,False,436.0173,436.2715,80,88
0,False,436.2768,436.78,74,85
0,False,436.2715,437.2885,71,92
0,False,436.2715,437.7864,47,96
0,False,436.78,437.7864,74,94
0,False,436.2768,437.7917,50,96
0,False,437.2938,437.7917,71,86
0,False,436.2821,437.797,79,89
0,False,436.2821,437.797,55,96
0,False,437.797,438.3054,47,96
0,False,437.8023,438.3054,74,86
0,False,437.8023,438.3054,50,96
0,False,437.8076,438.3054,55,96
0,False,437.797,438.8139,71,98
0,False,438.3054,438.8139,55,96
0,False,438.3054,438.8139,50,96
0,False,438.3054,438.8139,47,96
0,False,438.8139,439.3118,47,96
0,False,438.3054,439.3171,74,86
0,False,438.8139,439.3171,50,96
0,False,438.8192,439.3171,71,84
0,False,437.8076,439.3224,79,88
0,False,438.8139,439.3224,55,96
0,False,439.3224,439.8309,68,64
0,False,439.3277,440.3394,72,63
0,False,439.333,440.8478,75,123
0,False,439.8309,440.8478,68,64
0,False,440.3499,440.8478,72,57
0,False,440.8478,441.3563,68,60
0,False,440.8531,441.8648,72,59
0,False,439.3224,442.3627,44,64
0,False,441.3563,442.3627,68,57
0,False,441.8648,442.3627,72,57
0,False,439.3277,442.368,51,64
0,False,439.333,442.3732,56,64
0,False,440.8584,442.3732,74,121
0,False,442.3732,442.8817,68,61
0,False,442.3785,443.3902,72,63
0,False,443.3902,443.8881,72,57
0,False,442.887,443.8934,68,57
0,False,442.3838,443.8987,75,115
0,False,443.8987,444.4071,68,64
0,False,442.3732,444.9156,44,64
0,False,443.904,444.9156,72,64
0,False,444.9156,445.4135,72,57
0,False,444.9156,445.4135,44,64
0,False,442.3785,445.4188,51,64
0,False,442.3838,445.4241,56,64
0,False,443.9093,445.4241,74,115
0,False,444.4071,445.4241,68,64
0,False,445.4241,445.9326,63,61
0,False,445.4294,446.441,67,59
0,False,446.441,446.9389,67,57
0,False,445.4241,446.9495,75,126
0,False,445.4347,446.9495,70,62
0,False,445.9326,446.9495,63,61
0,False,446.9495,447.458,63,66
0,False,446.9548,447.9665,67,61
0,False,445.4241,448.4644,39,64
0,False,447.458,448.4644,63,59
0,False,445.4294,448.4697,46,64
0,False,447.9824,448.4697,67,59
0,False,445.4347,448.475,51,64
0,False,446.9495,448.475,74,115
0,False,446.9601,448.475,70,66
0,False,448.4802,448.9834,67,58
0,False,448.4855,449.4919,70,60
0,False,448.475,450.0004,75,113
0,False,449.4972,450.0004,70,58
0,False,448.994,450.0057,67,58
0,False,450.0057,450.5088,67,62
0,False,448.475,451.0173,39,64
0,False,450.0004,451.0173,77,121
0,False,451.0173,451.5152,79,114
0,False,451.0173,451.5152,39,64
0,False,448.4802,451.5205,46,64
0,False,450.5088,451.5205,67,58
0,False,448.4855,451.5258,51,64
0,False,450.011,451.5258,70,65
0,False,451.5311,452.0343,68,58
0,False,451.5364,452.5428,72,64
0,False,451.5258,453.0406,65,67
0,False,452.0343,453.0459,68,58
0,False,452.548,453.0459,72,64
0,False,451.5258,453.0512,77,113
0,False,453.0565,453.5597,68,62
0,False,453.0512,454.0576,75,116
0,False,451.5258,454.5661,41,64
0,False,453.0512,454.5661,65,59
0,False,453.0618,454.5661,72,57
0,False,454.0682,454.5661,79,120
0,False,451.5311,454.5714,48,64
0,False,453.5597,454.5714,68,58
0,False,451.5364,454.5766,53,64
0,False,454.5766,455.0745,68,59
0,False,454.5819,455.5883,72,57
0,False,455.5936,456.0915,72,57
0,False,455.0851,456.0968,68,58
0,False,454.5872,456.1021,77,112
0,False,456.1074,456.6053,72,59
0,False,456.1021,457.1084,75,114
0,False,454.5766,457.119,41,64
0,False,456.1021,457.6169,68,58
0,False,457.119,457.6169,75,111
0,False,457.119,457.6169,41,64
0,False,454.5819,457.6222,48,64
0,False,456.6105,457.6222,72,58
0,False,454.5872,457.6275,53,64
0,False,457.6381,458.136,67,59
0,False,457.6275,458.6444,70,64
0,False,458.136,459.1423,67,57
0,False,458.6444,459.1423,70,57
0,False,457.6328,459.1529,74,123
0,False,459.1635,459.6614,67,59
0,False,457.6275,460.1699,43,64
0,False,459.1529,460.1699,70,64
0,False,459.6614,460.6678,67,57
0,False,460.1699,460.6678,46,64
0,False,460.1699,460.6678,70,57
0,False,457.6328,460.6731,50,64
0,False,457.6381,460.6784,55,64
0,False,459.1582,460.6784,72,124
0,False,460.6784,461.1815,62,56
0,False,460.6889,461.6953,67,59
0,False,461.1868,462.1932,63,63
0,False,461.7006,462.1985,67,56
0,False,460.6784,462.2038,71,119
0,False,462.2144,462.707,67,59
0,False,462.2038,463.2101,71,57
0,False,462.707,463.7133,67,63
0,False,460.6784,463.7186,47,64
0,False,460.6836,463.7239,50,64
0,False,463.226,463.7239,71,56
0,False,460.6889,463.7292,55,64
0,False,462.2091,463.7292,74,118
0,False,463.7398,465.2546,75,115
0,False,463.7345,466.7695,72,63
0,False,463.7292,466.78,68,64
0,False,465.2652,466.78,77,116
0,False,466.7906,468.3055,79,114
0,False,463.7345,469.3171,51,64
0,False,463.7292,469.8203,44,64
0,False,469.3224,469.8203,51,64
0,False,463.7398,469.8309,56,64
0,False,466.78,469.8309,75,61
0,False,466.7853,469.8309,72,63
0,False,468.3161,469.8309,82,119
0,False,469.8415,471.3563,86,126
0,False,469.8309,472.8712,39,64
0,False,469.8309,472.8818,79,61
0,False,469.8362,472.8818,75,59
0,False,471.3669,472.8818,84,124
0,False,472.8818,474.4072,86,122
0,False,472.8818,475.4135,39,64
0,False,475.4241,475.922,39,64
0,False,469.8362,475.9273,46,64
0,False,469.8415,475.9326,51,64
0,False,472.8818,475.9326,79,61
0,False,472.887,475.9326,75,59
0,False,474.4072,475.9326,87,126
0,False,475.9432,477.458,89,127
0,False,475.9326,478.9729,80,67
0,False,475.9326,478.9729,41,64
0,False,477.4686,478.9729,87,108
0,False,475.9379,478.9782,48,64
0,False,475.9379,478.9834,84,58
0,False,475.9432,478.9834,53,64
0,False,478.9887,480.5036,89,123
0,False,478.9834,481.5152,41,64
0,False,478.9834,482.0237,80,67
0,False,481.5258,482.0237,41,64
0,False,478.9887,482.029,48,64
0,False,480.5142,482.029,87,124
0,False,478.9887,482.0343,84,58
0,False,478.994,482.0343,53,64
0,False,482.0343,484.5661,91,127
0,False,484.5767,484.8309,89,116
0,False,482.0396,485.0799,50,64
0,False,482.0343,485.0851,82,64
0,False,482.0343,485.0851,43,64
0,False,482.0449,485.0851,79,59
0,False,482.0449,485.0851,55,64
0,False,484.8309,485.0851,87,123
0,False,485.0851,486.6106,86,119
0,False,485.0851,488.1254,83,59
0,False,485.0851,488.1254,47,64
0,False,485.0904,488.1307,50,64
0,False,485.0957,488.136,79,59
0,False,485.0957,488.136,55,64
0,False,486.6106,488.136,89,123
0,False,488.136,493.7186,63,64
0,False,488.1413,494.2271,75,63
0,False,488.1413,494.2324,51,64
0,False,488.136,494.2377,79,64
0,False,488.1466,494.2377,55,64
0,False,488.1413,494.243,87,119
